{"cameraMode":{"drawMode":0,"name":"Shaded","section":"Shading Mode"},"sceneLighting":false,"audioPlay":false,"sceneViewState":{"showFog":true,"showMaterialUpdate":false,"showSkybox":false,"showFlares":true,"showImageEffects":true,"showParticleSystems":true},"in2DMode":false,"pivot":{"x":0.060074567794799808,"y":0.04689633846282959,"z":-6.405251979827881},"rotation":{"x":-0.09128648042678833,"y":0.8440842032432556,"z":-0.15229003131389619,"w":-0.5059708952903748},"size":0.84223872423172,"orthographic":false}