{"cameraMode":{"drawMode":0,"name":"Shaded","section":"Shading Mode"},"sceneLighting":false,"audioPlay":false,"sceneViewState":{"showFog":true,"showMaterialUpdate":false,"showSkybox":false,"showFlares":true,"showImageEffects":true,"showParticleSystems":true},"in2DMode":false,"pivot":{"x":1.7702828645706177,"y":0.7645971775054932,"z":-10.871847152709961},"rotation":{"x":0.04630308970808983,"y":-0.8776945471763611,"z":0.08664325624704361,"w":0.4690495431423187},"size":1.7670249938964844,"orthographic":false}