{"cameraMode":{"drawMode":0,"name":"Shaded","section":"Shading Mode"},"sceneLighting":true,"audioPlay":false,"sceneViewState":{"showFog":true,"showMaterialUpdate":false,"showSkybox":true,"showFlares":true,"showImageEffects":true,"showParticleSystems":true},"in2DMode":false,"pivot":{"x":0.0751347616314888,"y":0.7042626738548279,"z":-15.576634407043457},"rotation":{"x":-0.007229902315884829,"y":-0.9521021246910095,"z":0.30487746000289919,"w":-0.0225725956261158},"size":2.6784636974334719,"orthographic":false}