{"cameraMode":{"drawMode":0,"name":"Shaded","section":"Shading Mode"},"sceneLighting":false,"audioPlay":false,"sceneViewState":{"showFog":true,"showMaterialUpdate":false,"showSkybox":true,"showFlares":true,"showImageEffects":true,"showParticleSystems":true},"in2DMode":false,"pivot":{"x":141.79994201660157,"y":-0.12980015575885774,"z":-13.53278636932373},"rotation":{"x":-0.14774546027183534,"y":0.8342230319976807,"z":-0.2690715491771698,"w":-0.45812010765075686},"size":3.051983594894409,"orthographic":false}