{"cameraMode":{"drawMode":0,"name":"Shaded","section":"Shading Mode"},"sceneLighting":true,"audioPlay":false,"sceneViewState":{"showFog":true,"showMaterialUpdate":false,"showSkybox":true,"showFlares":true,"showImageEffects":true,"showParticleSystems":true},"in2DMode":false,"pivot":{"x":-2.3701229095458986,"y":-5.161824703216553,"z":4.104500770568848},"rotation":{"x":-0.27836906909942629,"y":0.1708642542362213,"z":-0.05039505660533905,"w":-0.9438104033470154},"size":10.0,"orthographic":false}