{"cameraMode":{"drawMode":0,"name":"Shaded","section":"Shading Mode"},"sceneLighting":false,"audioPlay":false,"sceneViewState":{"showFog":true,"showMaterialUpdate":false,"showSkybox":false,"showFlares":true,"showImageEffects":true,"showParticleSystems":true},"in2DMode":false,"pivot":{"x":0.1823722869157791,"y":0.3064688742160797,"z":-16.049470901489259},"rotation":{"x":-0.06471652537584305,"y":0.9352549910545349,"z":-0.24979986250400544,"w":-0.24230080842971803},"size":0.3575790524482727,"orthographic":false}