{"cameraMode":{"drawMode":0,"name":"Shaded","section":"Shading Mode"},"sceneLighting":false,"audioPlay":false,"sceneViewState":{"showFog":true,"showMaterialUpdate":false,"showSkybox":false,"showFlares":true,"showImageEffects":true,"showParticleSystems":true},"in2DMode":false,"pivot":{"x":0.04324590787291527,"y":0.03428724408149719,"z":-0.10468778014183045},"rotation":{"x":0.19016093015670777,"y":-0.8051773309707642,"z":0.44248977303504946,"w":0.34603774547576907},"size":0.3931766152381897,"orthographic":true}