{"cameraMode":{"drawMode":0,"name":"Shaded","section":"Shading Mode"},"sceneLighting":false,"audioPlay":false,"sceneViewState":{"showFog":true,"showMaterialUpdate":false,"showSkybox":false,"showFlares":true,"showImageEffects":true,"showParticleSystems":true},"in2DMode":false,"pivot":{"x":-6.176342010498047,"y":2.3671250343322756,"z":-24.164506912231447},"rotation":{"x":0.04073968529701233,"y":-0.8102689981460571,"z":0.0567285418510437,"w":0.5818861126899719},"size":4.4422383308410648,"orthographic":false}