{"cameraMode":{"drawMode":0,"name":"Shaded","section":"Shading Mode"},"sceneLighting":true,"audioPlay":false,"sceneViewState":{"showFog":true,"showMaterialUpdate":false,"showSkybox":true,"showFlares":true,"showImageEffects":true,"showParticleSystems":true},"in2DMode":false,"pivot":{"x":1.0573348999023438,"y":0.8222723007202148,"z":-11.780455589294434},"rotation":{"x":0.18759188055992127,"y":-0.7576709985733032,"z":0.24763965606689454,"w":0.5739507079124451},"size":0.9644460082054138,"orthographic":false}