{"cameraMode":{"drawMode":0,"name":"Shaded","section":"Shading Mode"},"sceneLighting":false,"audioPlay":false,"sceneViewState":{"showFog":true,"showMaterialUpdate":false,"showSkybox":false,"showFlares":true,"showImageEffects":true,"showParticleSystems":true},"in2DMode":false,"pivot":{"x":0.07277587056159973,"y":0.18359076976776124,"z":-0.39101237058639529},"rotation":{"x":0.42448216676712038,"y":-0.1786310076713562,"z":0.08582592755556107,"w":0.8834819793701172},"size":0.45604074001312258,"orthographic":false}