{"cameraMode":{"drawMode":0,"name":"Shaded","section":"Shading Mode"},"sceneLighting":false,"audioPlay":false,"sceneViewState":{"showFog":true,"showMaterialUpdate":false,"showSkybox":false,"showFlares":true,"showImageEffects":true,"showParticleSystems":true},"in2DMode":false,"pivot":{"x":-0.864815354347229,"y":2.7827558517456056,"z":-22.186695098876954},"rotation":{"x":0.018776288256049157,"y":-0.9011617302894592,"z":0.03922456502914429,"w":0.4313119053840637},"size":2.750413656234741,"orthographic":false}