{"cameraMode":{"drawMode":0,"name":"Shaded","section":"Shading Mode"},"sceneLighting":false,"audioPlay":false,"sceneViewState":{"showFog":true,"showMaterialUpdate":false,"showSkybox":false,"showFlares":true,"showImageEffects":true,"showParticleSystems":true},"in2DMode":false,"pivot":{"x":1.3665293455123902,"y":2.084948778152466,"z":-18.27545738220215},"rotation":{"x":-0.06731809675693512,"y":0.8609779477119446,"z":-0.1182587742805481,"w":-0.49011102318763735},"size":1.5575790405273438,"orthographic":false}