{"cameraMode":{"drawMode":0,"name":"Shaded","section":"Shading Mode"},"sceneLighting":false,"audioPlay":false,"sceneViewState":{"showFog":true,"showMaterialUpdate":false,"showSkybox":false,"showFlares":true,"showImageEffects":true,"showParticleSystems":true},"in2DMode":false,"pivot":{"x":-0.839911699295044,"y":-0.37093937397003176,"z":2.1426193714141847},"rotation":{"x":0.16722144186496736,"y":-0.7760683298110962,"z":0.23065850138664246,"w":0.562635600566864},"size":1.7670249938964844,"orthographic":false}