{"cameraMode":{"drawMode":0,"name":"Shaded","section":"Shading Mode"},"sceneLighting":false,"audioPlay":false,"sceneViewState":{"showFog":true,"showMaterialUpdate":false,"showSkybox":false,"showFlares":true,"showImageEffects":true,"showParticleSystems":true},"in2DMode":false,"pivot":{"x":2.682209014892578e-7,"y":0.017499981448054315,"z":-7.175562858581543},"rotation":{"x":0.05743997171521187,"y":-0.7744489312171936,"z":0.07106020301580429,"w":0.6260048151016235},"size":0.7452203035354614,"orthographic":true}