{"cameraMode":{"drawMode":0,"name":"Shaded","section":"Shading Mode"},"sceneLighting":false,"audioPlay":false,"sceneViewState":{"showFog":true,"showMaterialUpdate":false,"showSkybox":false,"showFlares":true,"showImageEffects":true,"showParticleSystems":true},"in2DMode":false,"pivot":{"x":-3.2369041442871095,"y":3.926206111907959,"z":-18.828004837036134},"rotation":{"x":0.010570843704044819,"y":-0.8639360070228577,"z":0.018144268542528154,"w":0.503177285194397},"size":12.732379913330079,"orthographic":false}