{"cameraMode":{"drawMode":0,"name":"Shaded","section":"Shading Mode"},"sceneLighting":false,"audioPlay":false,"sceneViewState":{"showFog":true,"showMaterialUpdate":false,"showSkybox":false,"showFlares":true,"showImageEffects":true,"showParticleSystems":true},"in2DMode":false,"pivot":{"x":-6.659996032714844,"y":0.2590000629425049,"z":-7.113619804382324},"rotation":{"x":0.09065675735473633,"y":-0.8988648056983948,"z":0.22225314378738404,"w":0.3666444718837738},"size":8.139909744262696,"orthographic":false}