{"cameraMode":{"drawMode":0,"name":"Shaded","section":"Shading Mode"},"sceneLighting":false,"audioPlay":false,"sceneViewState":{"showFog":true,"showMaterialUpdate":false,"showSkybox":false,"showFlares":true,"showImageEffects":true,"showParticleSystems":true},"in2DMode":false,"pivot":{"x":0.04324590787291527,"y":0.03428724408149719,"z":-0.10468778014183045},"rotation":{"x":0.09025812149047852,"y":-0.5435014367103577,"z":0.05892626568675041,"w":0.8324647545814514},"size":0.39416271448135378,"orthographic":true}