{"cameraMode":{"drawMode":0,"name":"Shaded","section":"Shading Mode"},"sceneLighting":true,"audioPlay":false,"sceneViewState":{"showFog":true,"showMaterialUpdate":false,"showSkybox":true,"showFlares":true,"showImageEffects":true,"showParticleSystems":true},"in2DMode":false,"pivot":{"x":-27.67413902282715,"y":-13.154607772827149,"z":-34.53956604003906},"rotation":{"x":-0.15111416578292848,"y":0.7013046741485596,"z":-0.15608906745910645,"w":-0.6789530515670776},"size":15.932038307189942,"orthographic":false}