{"cameraMode":{"drawMode":0,"name":"Shaded","section":"Shading Mode"},"sceneLighting":true,"audioPlay":false,"sceneViewState":{"showFog":true,"showMaterialUpdate":false,"showSkybox":true,"showFlares":true,"showImageEffects":true,"showParticleSystems":true},"in2DMode":false,"pivot":{"x":-12.561412811279297,"y":-9.490202903747559,"z":-34.51019287109375},"rotation":{"x":-0.08066065609455109,"y":0.9070100784301758,"z":-0.20330090820789338,"w":-0.3598594665527344},"size":17.87104606628418,"orthographic":false}