{"cameraMode":{"drawMode":0,"name":"Shaded","section":"Shading Mode"},"sceneLighting":false,"audioPlay":false,"sceneViewState":{"showFog":true,"showMaterialUpdate":false,"showSkybox":false,"showFlares":true,"showImageEffects":true,"showParticleSystems":true},"in2DMode":false,"pivot":{"x":0.8062781095504761,"y":0.5763539671897888,"z":-14.865070343017579},"rotation":{"x":-0.03389160707592964,"y":0.9494110941886902,"z":-0.11014724522829056,"w":-0.29212772846221926},"size":0.6575790643692017,"orthographic":false}