{"cameraMode":{"drawMode":0,"name":"Shaded","section":"Shading Mode"},"sceneLighting":false,"audioPlay":false,"sceneViewState":{"showFog":true,"showMaterialUpdate":false,"showSkybox":false,"showFlares":true,"showImageEffects":true,"showParticleSystems":true},"in2DMode":false,"pivot":{"x":1.190504550933838,"y":0.23801064491271974,"z":-5.98411226272583},"rotation":{"x":0.06304167211055756,"y":-0.8269827961921692,"z":0.09468667954206467,"w":0.5505998134613037},"size":0.42125996947288515,"orthographic":false}