{"cameraMode":{"drawMode":0,"name":"Shaded","section":"Shading Mode"},"sceneLighting":true,"audioPlay":false,"sceneViewState":{"showFog":true,"showMaterialUpdate":false,"showSkybox":true,"showFlares":true,"showImageEffects":true,"showParticleSystems":true},"in2DMode":false,"pivot":{"x":-4.5418195724487309,"y":-3.7991316318511965,"z":0.2285904735326767},"rotation":{"x":-0.21483713388442994,"y":0.6824531555175781,"z":-0.22124533355236054,"w":-0.6626870036125183},"size":2.7242465019226076,"orthographic":false}