{"cameraMode":{"drawMode":0,"name":"Shaded","section":"Shading Mode"},"sceneLighting":false,"audioPlay":false,"sceneViewState":{"showFog":true,"showMaterialUpdate":false,"showSkybox":true,"showFlares":true,"showImageEffects":true,"showParticleSystems":true},"in2DMode":false,"pivot":{"x":254.05654907226563,"y":45.493438720703128,"z":-72.98238372802735},"rotation":{"x":-0.16847635805606843,"y":0.4343937039375305,"z":-0.08315437287092209,"w":-0.8809390068054199},"size":6.41741943359375,"orthographic":false}