{"cameraMode":{"drawMode":0,"name":"Shaded","section":"Shading Mode"},"sceneLighting":false,"audioPlay":false,"sceneViewState":{"showFog":true,"showMaterialUpdate":false,"showSkybox":false,"showFlares":true,"showImageEffects":true,"showParticleSystems":true},"in2DMode":false,"pivot":{"x":5.532015800476074,"y":2.4568631649017336,"z":-24.420175552368165},"rotation":{"x":0.043519046157598498,"y":-0.840271532535553,"z":0.06821174174547196,"w":0.536098062992096},"size":1.1495862007141114,"orthographic":false}