{"cameraMode":{"drawMode":0,"name":"Shaded","section":"Shading Mode"},"sceneLighting":true,"audioPlay":false,"sceneViewState":{"showFog":true,"showMaterialUpdate":false,"showSkybox":true,"showFlares":true,"showImageEffects":true,"showParticleSystems":true},"in2DMode":false,"pivot":{"x":-13.184500694274903,"y":-1.2982174158096314,"z":-22.483184814453126},"rotation":{"x":0.1055978387594223,"y":-0.4676800072193146,"z":0.056392524391412738,"w":0.8757539391517639},"size":22.886119842529298,"orthographic":false}