{"cameraMode":{"drawMode":0,"name":"Shaded","section":"Shading Mode"},"sceneLighting":true,"audioPlay":false,"sceneViewState":{"showFog":true,"showMaterialUpdate":false,"showSkybox":true,"showFlares":true,"showImageEffects":true,"showParticleSystems":true},"in2DMode":false,"pivot":{"x":-64.64429473876953,"y":-6.437776565551758,"z":-86.82427215576172},"rotation":{"x":0.09040176123380661,"y":-0.6160703301429749,"z":0.07147417962551117,"w":0.7792158126831055},"size":55.739566802978519,"orthographic":false}