{"cameraMode":{"drawMode":0,"name":"Shaded","section":"Shading Mode"},"sceneLighting":false,"audioPlay":false,"sceneViewState":{"showFog":true,"showMaterialUpdate":false,"showSkybox":true,"showFlares":true,"showImageEffects":true,"showParticleSystems":true},"in2DMode":false,"pivot":{"x":117.49586486816406,"y":1.4870615005493165,"z":-18.75710105895996},"rotation":{"x":-0.0268552228808403,"y":-0.7680924534797669,"z":0.03227462247014046,"w":-0.6389878988265991},"size":1.75728440284729,"orthographic":false}