{"cameraMode":{"drawMode":0,"name":"Shaded","section":"Shading Mode"},"sceneLighting":false,"audioPlay":false,"sceneViewState":{"showFog":true,"showMaterialUpdate":false,"showSkybox":true,"showFlares":true,"showImageEffects":true,"showParticleSystems":true},"in2DMode":false,"pivot":{"x":-0.8116304278373718,"y":-0.09605713188648224,"z":-11.416354179382325},"rotation":{"x":-0.15836474299430848,"y":0.6730318665504456,"z":-0.15085968375205995,"w":-0.7065554261207581},"size":1.75728440284729,"orthographic":false}