{"cameraMode":{"drawMode":0,"name":"Shaded","section":"Shading Mode"},"sceneLighting":true,"audioPlay":false,"sceneViewState":{"showFog":true,"showMaterialUpdate":false,"showSkybox":true,"showFlares":true,"showImageEffects":true,"showParticleSystems":true},"in2DMode":false,"pivot":{"x":1.4582306146621705,"y":-0.9226922392845154,"z":-2.204894542694092},"rotation":{"x":0.05325230956077576,"y":0.9323708415031433,"z":-0.1538163721561432,"w":0.3227967321872711},"size":2.223445415496826,"orthographic":false}