{"cameraMode":{"drawMode":0,"name":"Shaded","section":"Shading Mode"},"sceneLighting":false,"audioPlay":false,"sceneViewState":{"showFog":true,"showMaterialUpdate":false,"showSkybox":false,"showFlares":true,"showImageEffects":true,"showParticleSystems":true},"in2DMode":false,"pivot":{"x":0.2529507577419281,"y":-0.36562445759773257,"z":1.1243513822555543},"rotation":{"x":-0.23514977097511292,"y":0.2564353942871094,"z":-0.06447136402130127,"w":-0.9353066682815552},"size":1.9608314037322999,"orthographic":false}