{"cameraMode":{"drawMode":0,"name":"Shaded","section":"Shading Mode"},"sceneLighting":false,"audioPlay":false,"sceneViewState":{"showFog":true,"showMaterialUpdate":false,"showSkybox":true,"showFlares":true,"showImageEffects":true,"showParticleSystems":true},"in2DMode":false,"pivot":{"x":107.81417846679688,"y":19.376148223876954,"z":-118.13623046875},"rotation":{"x":0.03592090308666229,"y":0.06291784346103668,"z":-0.0022661208640784027,"w":0.9973710775375366},"size":7.3801398277282719,"orthographic":false}