{"cameraMode":{"drawMode":0,"name":"Shaded","section":"Shading Mode"},"sceneLighting":false,"audioPlay":false,"sceneViewState":{"showFog":true,"showMaterialUpdate":false,"showSkybox":false,"showFlares":true,"showImageEffects":true,"showParticleSystems":true},"in2DMode":false,"pivot":{"x":-1.6938456296920777,"y":-0.0970202386379242,"z":-31.570100784301759},"rotation":{"x":0.09123346209526062,"y":-0.8344739675521851,"z":0.14539216458797456,"w":0.52363520860672},"size":3.2491867542266847,"orthographic":false}