{"cameraMode":{"drawMode":0,"name":"Shaded","section":"Shading Mode"},"sceneLighting":true,"audioPlay":false,"sceneViewState":{"showFog":true,"showMaterialUpdate":false,"showSkybox":true,"showFlares":true,"showImageEffects":true,"showParticleSystems":true},"in2DMode":false,"pivot":{"x":-0.2560439109802246,"y":-0.9562625885009766,"z":-4.41502571105957},"rotation":{"x":-0.013806603848934174,"y":0.9794045090675354,"z":-0.18825463950634004,"w":-0.07182371616363526},"size":4.327960014343262,"orthographic":false}