{"cameraMode":{"drawMode":0,"name":"Shaded","section":"Shading Mode"},"sceneLighting":false,"audioPlay":false,"sceneViewState":{"showFog":true,"showMaterialUpdate":false,"showSkybox":false,"showFlares":true,"showImageEffects":true,"showParticleSystems":true},"in2DMode":false,"pivot":{"x":1.315444827079773,"y":0.586706280708313,"z":-9.844892501831055},"rotation":{"x":0.12587930262088777,"y":-0.8487212657928467,"z":0.2335207462310791,"w":0.45750167965888979},"size":2.750413656234741,"orthographic":false}